,displayName,position,snaps,zone,zone-deep,zone-over,man,man-over,blitz,games played,Team,zone %,zone-deep %,zone-over %,man %,man-over %,blitz %,zone-total,man-total
1302,Aqib Talib,CB,202,19,79,60,25,19,0,8,LA,9.4,39.1,29.7,12.4,9.4,0.0,158,44
2307,Orlando Scandrick,CB,462,42,89,84,146,99,2,13,KC,9.1,19.3,18.2,31.6,21.4,0.4,215,245
2354,Wesley Woodyard,ILB,381,49,12,244,0,5,71,14,TEN,12.9,3.1,64.0,0.0,1.3,18.6,305,5
4365,Brandon Carr,CB,484,63,84,93,136,93,15,16,BAL,13.0,17.4,19.2,28.1,19.2,3.1,240,229
71197,Connor Barwin,OLB,150,3,0,2,3,2,140,15,NYG,2.0,0.0,1.3,2.0,1.3,93.3,5,5
71251,Patrick Chung,SS,525,88,65,143,97,66,66,15,NE,16.8,12.4,27.2,18.5,12.6,12.6,296,163
71423,Brian Orakpo,OLB,303,7,1,45,2,1,247,13,TEN,2.3,0.3,14.9,0.7,0.3,81.5,53,3
71441,Glover Quin,FS,417,79,282,26,14,3,13,16,DET,18.9,67.6,6.2,3.4,0.7,3.1,387,17
79848,Malcolm Jenkins,SS,630,190,178,94,73,22,73,16,PHI,30.2,28.3,14.9,11.6,3.5,11.6,462,95
80431,Clay Matthews,OLB,387,16,0,36,5,4,326,16,GB,4.1,0.0,9.3,1.3,1.0,84.2,52,9
80668,Captain Munnerlyn,CB,397,54,30,150,59,70,34,16,CAR,13.6,7.6,37.8,14.9,17.6,8.6,234,129
89756,Jason McCourty,CB,504,72,77,93,156,100,6,16,NE,14.3,15.3,18.5,31.0,19.8,1.2,242,256
238227,Mike Mitchell,FS,127,45,72,7,0,0,3,8,IND,35.4,56.7,5.5,0.0,0.0,2.4,124,0
494259,Barry Church,SS,333,60,222,25,10,3,13,11,JAX,18.0,66.7,7.5,3.0,0.9,3.9,307,13
494261,Kurt Coleman,SS,184,36,86,27,6,10,19,16,NO,19.6,46.7,14.7,3.3,5.4,10.3,149,16
494277,Kendrick Lewis,FS,146,24,102,10,3,3,4,8,TEN,16.4,69.9,6.8,2.1,2.1,2.7,136,6
494287,Devin McCourty,FS,592,120,313,92,36,15,16,16,NE,20.3,52.9,15.5,6.1,2.5,2.7,525,51
494289,Sherrick McManis,CB,161,14,16,63,19,30,19,15,CHI,8.7,9.9,39.1,11.8,18.6,11.8,93,49
494307,Darian Stewart,FS,423,60,301,34,6,7,15,13,DEN,14.2,71.2,8.0,1.4,1.7,3.5,395,13
496727,Morgan Burnett,SS,234,29,40,109,13,19,24,11,PIT,12.4,17.1,46.6,5.6,8.1,10.3,178,32
496733,Joe Haden,CB,521,58,116,110,144,90,3,15,PIT,11.1,22.3,21.1,27.6,17.3,0.6,284,234
496735,Kareem Jackson,CB,542,74,142,217,48,48,13,16,HOU,13.7,26.2,40.0,8.9,8.9,2.4,433,96
496739,Reshad Jones,SS,387,63,271,30,2,7,14,14,MIA,16.3,70.0,7.8,0.5,1.8,3.6,364,9
496828,Derrick Morgan,OLB,275,7,0,22,1,4,241,13,TEN,2.5,0.0,8.0,0.4,1.5,87.6,29,5
496937,Sean Lee,ILB,108,7,2,75,0,2,22,7,DAL,6.5,1.9,69.4,0.0,1.9,20.4,84,2
1037374,Sam Shields,CB,218,25,35,45,61,52,0,12,LA,11.5,16.1,20.6,28.0,23.9,0.0,105,113
2495108,Prince Amukamara,CB,537,31,129,75,194,108,0,15,CHI,5.8,24.0,14.0,36.1,20.1,0.0,235,302
2495153,Marcus Gilchrist,FS,437,71,269,49,19,19,10,16,OAK,16.2,61.6,11.2,4.3,4.3,2.3,389,38
2495190,Ryan Kerrigan,OLB,434,8,1,25,4,4,392,16,WAS,1.8,0.2,5.8,0.9,0.9,90.3,34,8
2495201,Pernell McPhee,OLB,108,4,0,5,0,2,97,13,WAS,3.7,0.0,4.6,0.0,1.9,89.8,9,2
2495202,Von Miller,OLB,425,11,0,19,0,3,392,15,DEN,2.6,0.0,4.5,0.0,0.7,92.2,30,3
2495251,Shareece Wright,CB,312,66,62,65,84,33,2,12,HOU,21.2,19.9,20.8,26.9,10.6,0.6,193,117
2495252,K.J. Wright,OLB,126,25,3,82,2,7,7,5,SEA,19.8,2.4,65.1,1.6,5.6,5.6,110,9
2495281,Mason Foster,ILB,531,77,2,337,3,10,102,16,WAS,14.5,0.4,63.5,0.6,1.9,19.2,416,13
2495343,Buster Skrine,CB,370,67,23,83,91,86,20,14,NYJ,18.1,6.2,22.4,24.6,23.2,5.4,173,177
2495504,Patrick Peterson,CB,505,68,147,121,116,50,3,16,ARI,13.5,29.1,24.0,23.0,9.9,0.6,336,166
2495507,Richard Sherman,CB,421,42,93,77,158,50,1,13,SF,10.0,22.1,18.3,37.5,11.9,0.2,212,208
2495613,Corey Graham,FS,406,66,284,13,23,3,17,13,PHI,16.3,70.0,3.2,5.7,0.7,4.2,363,26
2495617,Leon Hall,CB,198,28,10,59,37,51,13,10,OAK,14.1,5.1,29.8,18.7,25.8,6.6,97,88
2495775,Eric Weddle,FS,552,59,403,50,7,0,33,16,BAL,10.7,73.0,9.1,1.3,0.0,6.0,512,7
2495807,Antoine Bethea,FS,504,94,285,47,24,12,42,16,ARI,18.7,56.5,9.3,4.8,2.4,8.3,426,36
2495872,Johnathan Joseph,CB,445,72,143,159,56,15,0,14,HOU,16.2,32.1,35.7,12.6,3.4,0.0,374,71
2499278,Malcolm Smith,OLB,162,50,4,64,4,5,35,12,SF,30.9,2.5,39.5,2.5,3.1,21.6,118,9
2505660,Terrell Suggs,OLB,426,17,0,30,4,3,372,16,BAL,4.0,0.0,7.0,0.9,0.7,87.3,47,7
2505708,Mike Adams,FS,515,68,329,30,32,24,32,16,CAR,13.2,63.9,5.8,6.2,4.7,6.2,427,56
2506268,Lorenzo Alexander,OLB,321,28,2,79,2,5,205,16,BUF,8.7,0.6,24.6,0.6,1.6,63.9,109,7
2506352,Thomas Davis,OLB,338,54,4,183,9,21,67,12,CAR,16.0,1.2,54.1,2.7,6.2,19.8,241,30
2506789,Tramon Williams,CB,540,68,209,148,59,44,12,16,GB,12.6,38.7,27.4,10.9,8.1,2.2,425,103
2506861,Brent Grimes,CB,393,90,150,84,43,26,0,13,TB,22.9,38.2,21.4,10.9,6.6,0.0,324,69
2507167,Reggie Nelson,FS,199,21,127,20,12,3,16,11,OAK,10.6,63.8,10.1,6.0,1.5,8.0,168,15
2507817,Rafael Bush,SS,233,33,36,86,24,34,20,14,BUF,14.2,15.5,36.9,10.3,14.6,8.6,155,58
2507917,Tramaine Brock,CB,238,31,62,49,64,32,0,11,DEN,13.0,26.1,20.6,26.9,13.4,0.0,142,96
2508107,Jimmy Smith,CB,346,38,58,69,105,72,4,12,BAL,11.0,16.8,19.9,30.3,20.8,1.2,165,177
2525323,Andrew Sendejo,SS,135,11,109,10,0,1,4,4,MIN,8.1,80.7,7.4,0.0,0.7,3.0,130,1
2530491,Josh Bynes,ILB,321,36,9,219,1,4,52,11,ARI,11.2,2.8,68.2,0.3,1.2,16.2,264,5
2530510,Chris Harris,CB,366,32,24,106,87,109,8,11,DEN,8.7,6.6,29.0,23.8,29.8,2.2,162,196
2530794,Ron Parker,FS,540,67,354,56,27,21,15,14,KC,12.4,65.6,10.4,5.0,3.9,2.8,477,48
2532789,Mark Barron,ILB,250,39,2,164,7,22,16,12,LA,15.6,0.8,65.6,2.8,8.8,6.4,205,29
2532800,Nigel Bradham,OLB,547,198,25,216,19,11,78,15,PHI,36.2,4.6,39.5,3.5,2.0,14.3,439,30
2532804,Zach Brown,ILB,354,67,5,231,1,5,45,16,WAS,18.9,1.4,65.3,0.3,1.4,12.7,303,6
2532828,Lavonte David,OLB,489,153,14,197,25,15,85,14,TB,31.3,2.9,40.3,5.1,3.1,17.4,364,40
2532848,Tashaun Gipson,FS,507,51,312,23,63,33,25,16,JAX,10.1,61.5,4.5,12.4,6.5,4.9,386,96
2532861,Casey Hayward,CB,516,38,74,121,212,68,3,15,LAC,7.4,14.3,23.4,41.1,13.2,0.6,233,280
2532875,Janoris Jenkins,CB,563,63,128,125,159,85,3,16,NYG,11.2,22.7,22.2,28.2,15.1,0.5,316,244
2532877,Trumaine Johnson,CB,349,53,111,60,99,24,2,10,NYJ,15.2,31.8,17.2,28.4,6.9,0.6,224,123
2532898,Brandon Marshall,ILB,233,42,2,130,2,4,53,10,DEN,18.0,0.9,55.8,0.9,1.7,22.7,174,6
2532920,Josh Norman,CB,543,32,103,109,210,86,3,16,WAS,5.9,19.0,20.1,38.7,15.8,0.6,244,296
2532946,Coty Sensabaugh,CB,418,61,102,90,107,56,2,15,PIT,14.6,24.4,21.5,25.6,13.4,0.5,253,163
2532948,Harrison Smith,FS,443,70,276,28,26,11,32,15,MIN,15.8,62.3,6.3,5.9,2.5,7.2,374,37
2532961,Danny Trevathan,ILB,580,69,3,347,8,30,123,16,CHI,11.9,0.5,59.8,1.4,5.2,21.2,419,38
2532966,Bobby Wagner,MLB,479,39,9,369,0,11,51,14,SEA,8.1,1.9,77.0,0.0,2.3,10.6,417,11
2532986,Tahir Whitehead,OLB,486,83,11,301,9,19,63,16,OAK,17.1,2.3,61.9,1.9,3.9,13.0,395,28
2533008,Demario Davis,ILB,498,80,7,263,14,18,116,16,NO,16.1,1.4,52.8,2.8,3.6,23.3,350,32
2533048,Nick Perry,OLB,161,5,1,12,2,1,140,9,GB,3.1,0.6,7.5,1.2,0.6,87.0,18,3
2533049,Whitney Mercilus,OLB,439,33,5,78,2,12,309,16,HOU,7.5,1.1,17.8,0.5,2.7,70.4,116,14
2533056,Luke Kuechly,MLB,508,63,15,338,0,5,87,16,CAR,12.4,3.0,66.5,0.0,1.0,17.1,416,5
2533057,Dont'a Hightower,MLB,432,60,5,166,2,6,193,15,NE,13.9,1.2,38.4,0.5,1.4,44.7,231,8
2533058,Vontaze Burfict,OLB,149,22,2,92,5,10,18,7,CIN,14.8,1.3,61.7,3.4,6.7,12.1,116,15
2533059,Morris Claiborne,CB,528,70,109,98,170,80,1,15,NYJ,13.3,20.6,18.6,32.2,15.2,0.2,277,250
2533060,Dre Kirkpatrick,CB,423,30,81,117,118,75,2,13,CIN,7.1,19.1,27.7,27.9,17.7,0.5,228,193
2533062,Stephon Gilmore,CB,588,50,96,84,244,112,2,16,NE,8.5,16.3,14.3,41.5,19.0,0.3,230,356
2534830,Tavon Wilson,SS,163,41,33,49,20,11,9,14,DET,25.2,20.2,30.1,12.3,6.7,5.5,123,31
2535609,DeShawn Shead,CB,155,13,11,36,54,40,1,12,DET,8.4,7.1,23.2,34.8,25.8,0.6,60,94
2535613,L.J. Fort,ILB,182,14,1,93,10,7,57,11,PIT,7.7,0.5,51.1,5.5,3.8,31.3,108,17
2535687,Michael Thomas,SS,293,63,107,42,24,31,26,16,NYG,21.5,36.5,14.3,8.2,10.6,8.9,212,55
2539233,Shawn Williams,SS,497,95,298,55,20,8,21,16,CIN,19.1,60.0,11.1,4.0,1.6,4.2,448,28
2539237,D.J. Hayden,CB,257,39,12,92,46,46,22,10,JAX,15.2,4.7,35.8,17.9,17.9,8.6,143,92
2539240,Micah Hyde,SS,442,68,311,31,8,10,14,15,BUF,15.4,70.4,7.0,1.8,2.3,3.2,410,18
2539243,Bradley McDougald,SS,461,120,198,69,27,28,19,15,SEA,26.0,43.0,15.0,5.9,6.1,4.1,387,55
2539290,Jordan Poyer,FS,505,70,365,29,11,2,28,16,BUF,13.9,72.3,5.7,2.2,0.4,5.5,464,13
2539293,Gerald Hodges,ILB,164,16,5,124,0,5,14,9,ARI,9.8,3.0,75.6,0.0,3.0,8.5,145,5
2539309,T.J. McDonald,SS,470,100,276,38,15,20,21,14,MIA,21.3,58.7,8.1,3.2,4.3,4.5,414,35
2539311,Jamie Collins,OLB,558,275,45,73,23,4,138,16,CLE,49.3,8.1,13.1,4.1,0.7,24.7,393,27
2539320,Kenny Vaccaro,SS,382,62,238,30,13,20,19,13,TEN,16.2,62.3,7.9,3.4,5.2,5.0,330,33
2539334,Desmond Trufant,CB,584,51,156,103,193,77,4,16,ATL,8.7,26.7,17.6,33.0,13.2,0.7,310,270
2539338,B.W. Webb,CB,538,60,97,101,149,112,19,16,NYG,11.2,18.0,18.8,27.7,20.8,3.5,258,261
2539653,Robert Alford,CB,518,36,80,64,266,71,1,15,ATL,6.9,15.4,12.4,51.4,13.7,0.2,180,337
2539932,Jamar Taylor,CB,136,23,43,34,16,16,4,9,ARI,16.9,31.6,25.0,11.8,11.8,2.9,100,32
2539935,Kiko Alonso,OLB,491,70,27,304,7,11,72,15,MIA,14.3,5.5,61.9,1.4,2.2,14.7,401,18
2539943,D.J. Swearinger,FS,515,82,285,82,15,21,30,15,WAS,15.9,55.3,15.9,2.9,4.1,5.8,449,36
2539978,Jon Bostic,ILB,249,29,4,132,0,22,62,15,PIT,11.6,1.6,53.0,0.0,8.8,24.9,165,22
2539982,A.J. Klein,OLB,352,51,23,194,6,7,71,16,NO,14.5,6.5,55.1,1.7,2.0,20.2,268,13
2540140,Barkevious Mingo,OLB,234,52,6,82,5,22,67,15,SEA,22.2,2.6,35.0,2.1,9.4,28.6,140,27
2540143,Alec Ogletree,LB,440,40,8,281,3,10,98,13,NYG,9.1,1.8,63.9,0.7,2.3,22.3,329,13
2540152,Eric Reid,SS,397,55,274,25,18,8,17,13,CAR,13.9,69.0,6.3,4.5,2.0,4.3,354,26
2540155,Xavier Rhodes,CB,342,22,35,80,113,91,1,13,MIN,6.4,10.2,23.4,33.0,26.6,0.3,137,204
2540162,Logan Ryan,CB,458,62,46,118,96,105,31,14,TEN,13.5,10.0,25.8,21.0,22.9,6.8,226,201
2540164,Tony Jefferson,SS,461,86,263,43,29,19,21,14,BAL,18.7,57.0,9.3,6.3,4.1,4.6,392,48
2540170,David Amerson,CB,138,16,46,40,20,14,2,6,ARI,11.6,33.3,29.0,14.5,10.1,1.4,102,34
2540180,Tyrann Mathieu,FS,584,102,266,119,35,35,27,16,HOU,17.5,45.5,20.4,6.0,6.0,4.6,487,70
2540197,Nickell Robey-Coleman,CB,340,104,26,124,40,40,6,16,LA,30.6,7.6,36.5,11.8,11.8,1.8,254,80
2540221,Vince Williams,ILB,388,46,5,174,16,16,131,14,PIT,11.9,1.3,44.8,4.1,4.1,33.8,225,32
2540288,Darius Slay,CB,458,35,106,90,155,67,5,15,DET,7.6,23.1,19.7,33.8,14.6,1.1,231,222
2541162,A.J. Bouye,CB,418,38,89,93,156,42,0,13,JAX,9.1,21.3,22.2,37.3,10.0,0.0,220,198
2541200,Rashaan Melvin,CB,314,35,45,73,80,77,4,14,OAK,11.1,14.3,23.2,25.5,24.5,1.3,153,157
2541243,Duron Harmon,FS,393,30,330,11,3,0,19,16,NE,7.6,84.0,2.8,0.8,0.0,4.8,371,3
2541792,Ray-Ray Armstrong,OLB,112,22,2,75,4,1,8,6,NYG,19.6,1.8,67.0,3.6,0.9,7.1,99,5
2541832,Jeff Heath,SS,532,90,306,72,30,25,9,16,DAL,16.9,57.5,13.5,5.6,4.7,1.7,468,55
2541958,Jahleel Addae,SS,520,35,455,21,2,0,7,15,LAC,6.7,87.5,4.0,0.4,0.0,1.3,511,2
2543459,Anthony Barr,OLB,337,42,1,197,3,6,88,12,MIN,12.5,0.3,58.5,0.9,1.8,26.1,240,9
2543464,C.J. Mosley,ILB,507,51,11,285,0,2,158,15,BAL,10.1,2.2,56.2,0.0,0.4,31.2,347,2
2543470,Ha Ha Clinton-Dix,FS,230,31,163,25,2,0,9,7,GB,13.5,70.9,10.9,0.9,0.0,3.9,219,2
2543470,Ha Ha Clinton-Dix,FS,269,36,206,17,1,3,6,9,WAS,13.4,76.6,6.3,0.4,1.1,2.2,259,4
2543474,Darqueze Dennard,CB,378,44,12,131,85,95,11,13,CIN,11.6,3.2,34.7,22.5,25.1,2.9,187,180
2543492,Lamarcus Joyner,FS,478,44,376,45,3,2,8,15,LA,9.2,78.7,9.4,0.6,0.4,1.7,465,5
2543501,Aaron Colvin,CB,204,40,33,62,32,31,6,8,HOU,19.6,16.2,30.4,15.7,15.2,2.9,135,63
2543505,Bradley Roby,CB,477,61,114,90,124,85,3,14,DEN,12.8,23.9,18.9,26.0,17.8,0.6,265,209
2543571,Bashaud Breeland,CB,176,44,33,24,61,6,8,7,GB,25.0,18.8,13.6,34.7,3.4,4.5,101,67
2543592,Anthony Hitchens,MLB,455,77,9,284,11,5,69,14,KC,16.9,2.0,62.4,2.4,1.1,15.2,370,16
2543597,Avery Williamson,ILB,582,112,25,299,8,7,131,16,NYJ,19.2,4.3,51.4,1.4,1.2,22.5,436,15
2543637,Terrance Mitchell,CB,244,63,85,22,65,6,3,8,CLE,25.8,34.8,9.0,26.6,2.5,1.2,170,71
2543680,Antone Exum,FS,303,57,205,15,16,1,9,12,SF,18.8,67.7,5.0,5.3,0.3,3.0,277,17
2543681,Kyle Fuller,CB,593,55,145,146,151,95,1,16,CHI,9.3,24.5,24.6,25.5,16.0,0.2,346,246
2543699,Kyle Van Noy,OLB,553,73,6,172,4,9,289,16,NE,13.2,1.1,31.1,0.7,1.6,52.3,251,13
2543711,Telvin Smith,OLB,510,149,9,289,8,9,46,16,JAX,29.2,1.8,56.7,1.6,1.8,9.0,447,17
2543720,Christian Kirksey,OLB,259,117,15,27,30,12,58,7,CLE,45.2,5.8,10.4,11.6,4.6,22.4,159,42
2543738,Kareem Martin,OLB,300,13,1,27,2,5,252,16,NYG,4.3,0.3,9.0,0.7,1.7,84.0,41,7
2543741,Jimmie Ward,FS,220,32,93,10,62,22,1,8,SF,14.5,42.3,4.5,28.2,10.0,0.5,135,84
2543769,Deone Bucannon,ILB,150,20,4,87,1,1,37,10,ARI,13.3,2.7,58.0,0.7,0.7,24.7,111,2
2543811,Pierre Desir,CB,485,44,77,130,150,84,0,15,IND,9.1,15.9,26.8,30.9,17.3,0.0,251,234
2543814,Preston Brown,MLB,179,17,4,130,2,7,19,7,CIN,9.5,2.2,72.6,1.1,3.9,10.6,151,9
2543823,E.J. Gaines,CB,109,40,27,5,33,2,2,4,CLE,36.7,24.8,4.6,30.3,1.8,1.8,72,35
2543830,Tre Boston,FS,447,69,331,16,6,7,18,14,ARI,15.4,74.0,3.6,1.3,1.6,4.0,416,13
2543850,Ricardo Allen,SS,124,22,91,5,2,1,3,3,ATL,17.7,73.4,4.0,1.6,0.8,2.4,118,3
2543851,Phillip Gaines,CB,176,18,30,32,59,34,3,7,BUF,10.2,17.0,18.2,33.5,19.3,1.7,80,93
2543855,Bene' Benwikere,CB,250,33,52,62,61,33,9,11,ARI,13.2,20.8,24.8,24.4,13.2,3.6,147,94
2543869,Devon Kennard,OLB,435,22,0,33,3,1,376,15,DET,5.1,0.0,7.6,0.7,0.2,86.4,55,4
2543872,Nevin Lawson,CB,446,66,56,82,132,100,10,15,DET,14.8,12.6,18.4,29.6,22.4,2.2,204,232
2543874,Andre Hal,FS,159,9,129,12,1,5,3,8,HOU,5.7,81.1,7.5,0.6,3.1,1.9,150,6
2550164,T.J. Carrie,CB,524,119,101,70,196,30,8,16,CLE,22.7,19.3,13.4,37.4,5.7,1.5,290,226
2550257,Daniel Sorensen,SS,185,26,62,41,10,26,20,7,KC,14.1,33.5,22.2,5.4,14.1,10.8,129,36
2550541,Shaquil Barrett,OLB,135,10,0,14,5,5,101,12,DEN,7.4,0.0,10.4,3.7,3.7,74.8,24,10
2550565,Adarius Taylor,MLB,282,79,13,126,10,9,45,15,TB,28.0,4.6,44.7,3.5,3.2,16.0,218,19
2550572,Christian Jones,ILB,297,60,3,140,7,8,79,16,DET,20.2,1.0,47.1,2.4,2.7,26.6,203,15
2550613,Malcolm Butler,CB,462,34,75,75,186,88,4,16,TEN,7.4,16.2,16.2,40.3,19.0,0.9,184,274
2550654,K'Waun Williams,CB,330,72,22,97,75,45,19,13,SF,21.8,6.7,29.4,22.7,13.6,5.8,191,120
2550659,Tyler Patmon,CB,128,20,8,53,21,19,7,7,JAX,15.6,6.2,41.4,16.4,14.8,5.5,81,40
2550842,Adrian Phillips,SS,397,63,96,218,7,2,11,15,LAC,15.9,24.2,54.9,1.8,0.5,2.8,377,9
2550930,Todd Davis,ILB,396,57,6,246,8,17,62,15,DEN,14.4,1.5,62.1,2.0,4.3,15.7,309,25
2552262,Quandre Diggs,SS,494,96,282,57,21,27,11,16,DET,19.4,57.1,11.5,4.3,5.5,2.2,435,48
2552265,Steven Nelson,CB,603,47,79,112,252,112,1,15,KC,7.8,13.1,18.6,41.8,18.6,0.2,238,364
2552266,Anthony Chickillo,OLB,165,3,0,25,1,2,134,16,PIT,1.8,0.0,15.2,0.6,1.2,81.2,28,3
2552276,Preston Smith,OLB,437,22,1,23,5,5,381,16,WAS,5.0,0.2,5.3,1.1,1.1,87.2,46,10
2552279,Za'Darius Smith,OLB,407,6,0,25,3,2,371,16,BAL,1.5,0.0,6.1,0.7,0.5,91.2,31,5
2552289,Bud Dupree,OLB,481,25,0,46,4,11,395,16,PIT,5.2,0.0,9.6,0.8,2.3,82.1,71,15
2552310,Denzel Perryman,ILB,161,14,1,136,0,4,6,8,LAC,8.7,0.6,84.5,0.0,2.5,3.7,151,4
2552312,Eric Kendricks,MLB,395,35,9,284,1,7,59,13,MIN,8.9,2.3,71.9,0.3,1.8,14.9,328,8
2552315,Jordan Hicks,MLB,430,154,25,182,3,4,62,12,PHI,35.8,5.8,42.3,0.7,0.9,14.4,361,7
2552385,Adrian Amos,FS,601,103,439,38,11,5,5,16,CHI,17.1,73.0,6.3,1.8,0.8,0.8,580,16
2552386,Clayton Geathers,FS,367,79,183,68,14,14,9,12,IND,21.5,49.9,18.5,3.8,3.8,2.5,330,28
2552389,Damarious Randall,CB,587,119,383,28,38,8,11,15,CLE,20.3,65.2,4.8,6.5,1.4,1.9,530,46
2552391,Jaquiski Tartt,FS,199,45,85,25,20,8,16,7,SF,22.6,42.7,12.6,10.1,4.0,8.0,155,28
2552392,Jordan Richards,SS,241,63,103,31,23,14,7,15,ATL,26.1,42.7,12.9,9.5,5.8,2.9,197,37
2552434,Bobby McCain,CB,394,65,38,110,95,78,8,14,MIA,16.5,9.6,27.9,24.1,19.8,2.0,213,173
2552447,Shaq Thompson,OLB,309,62,10,132,8,24,73,14,CAR,20.1,3.2,42.7,2.6,7.8,23.6,204,32
2552448,Trae Waynes,CB,328,49,57,116,49,54,3,13,MIN,14.9,17.4,35.4,14.9,16.5,0.9,222,103
2552454,Landon Collins,SS,411,75,134,121,29,28,24,12,NYG,18.2,32.6,29.4,7.1,6.8,5.8,330,57
2552484,P.J. Williams,CB,440,82,24,155,74,91,14,15,NO,18.6,5.5,35.2,16.8,20.7,3.2,261,165
2552488,Marcus Peters,CB,477,48,170,125,80,51,3,16,LA,10.1,35.6,26.2,16.8,10.7,0.6,343,131
2552490,Benardrick McKinney,ILB,479,78,26,273,10,13,79,16,HOU,16.3,5.4,57.0,2.1,2.7,16.5,377,23
2552568,Byron Jones,CB,545,38,47,85,274,99,2,16,DAL,7.0,8.6,15.6,50.3,18.2,0.4,170,373
2552592,Kwon Alexander,MLB,220,46,6,116,4,10,38,6,TB,20.9,2.7,52.7,1.8,4.5,17.3,168,14
2552686,Damien Wilson,OLB,119,22,6,40,12,13,26,16,DAL,18.5,5.0,33.6,10.1,10.9,21.8,68,25
2552689,Ronald Darby,CB,345,59,133,47,97,8,1,9,PHI,17.1,38.6,13.6,28.1,2.3,0.3,239,105
2552697,Jermaine Whitehead,FS,130,28,11,50,8,10,23,7,GB,21.5,8.5,38.5,6.2,7.7,17.7,89,18
2553353,Darryl Roberts,CB,403,46,207,87,35,27,1,14,NYJ,11.4,51.4,21.6,8.7,6.7,0.2,340,62
2553500,Bryce Callahan,CB,415,43,35,129,59,131,18,13,CHI,10.4,8.4,31.1,14.2,31.6,4.3,207,190
2553536,Troy Hill,CB,216,42,64,68,23,18,1,12,LA,19.4,29.6,31.5,10.6,8.3,0.5,174,41
2553637,Justin Coleman,CB,404,57,19,171,44,94,19,15,SEA,14.1,4.7,42.3,10.9,23.3,4.7,247,138
2553655,Anthony Harris,FS,265,16,224,13,6,2,4,11,MIN,6.0,84.5,4.9,2.3,0.8,1.5,253,8
2553657,Neville Hewitt,OLB,141,52,10,39,8,9,23,8,NYJ,36.9,7.1,27.7,5.7,6.4,16.3,101,17
2553722,Matt Longacre,OLB,124,5,0,7,0,0,112,13,LA,4.0,0.0,5.6,0.0,0.0,90.3,12,0
2553796,Quinton Dunbar,CB,212,20,39,50,77,25,1,7,WAS,9.4,18.4,23.6,36.3,11.8,0.5,109,102
2553822,Curtis Riley,FS,540,40,474,11,3,0,12,16,NYG,7.4,87.8,2.0,0.6,0.0,2.2,525,3
2555158,Kevin Byard,FS,537,79,323,63,23,23,26,16,TEN,14.7,60.1,11.7,4.3,4.3,4.8,465,46
2555160,Antonio Morrison,ILB,104,25,1,49,0,4,25,16,GB,24.0,1.0,47.1,0.0,3.8,24.0,75,4
2555161,Blake Martinez,ILB,532,150,14,258,4,1,105,16,GB,28.2,2.6,48.5,0.8,0.2,19.7,422,5
2555162,Deion Jones,MLB,203,17,3,152,4,4,23,6,ATL,8.4,1.5,74.9,2.0,2.0,11.3,172,8
2555166,Joe Schobert,MLB,490,199,85,65,12,2,127,13,CLE,40.6,17.3,13.3,2.4,0.4,25.9,349,14
2555169,Reggie Ragland,ILB,213,17,3,170,1,2,20,15,KC,8.0,1.4,79.8,0.5,0.9,9.4,190,3
2555173,Eric Murray,FS,366,51,231,34,17,16,17,14,KC,13.9,63.1,9.3,4.6,4.4,4.6,316,33
2555175,James Bradberry,CB,538,69,186,145,91,45,2,16,CAR,12.8,34.6,27.0,16.9,8.4,0.4,400,136
2555177,Mackensie Alexander,CB,295,38,9,119,37,76,16,15,MIN,12.9,3.1,40.3,12.5,25.8,5.4,166,113
2555255,De'Vondre Campbell,OLB,493,72,14,238,23,41,105,16,ATL,14.6,2.8,48.3,4.7,8.3,21.3,324,64
2555256,Jordan Jenkins,OLB,325,20,0,25,5,7,268,16,NYJ,6.2,0.0,7.7,1.5,2.2,82.5,45,12
2555277,Eli Apple,CB,154,18,30,28,54,24,0,5,NYG,11.7,19.5,18.2,35.1,15.6,0.0,76,78
2555277,Eli Apple,CB,351,32,72,73,111,61,2,10,NO,9.1,20.5,20.8,31.6,17.4,0.6,177,172
2555280,Jalen Ramsey,CB,508,50,141,93,159,64,1,16,JAX,9.8,27.8,18.3,31.3,12.6,0.2,284,223
2555285,Leonard Floyd,OLB,473,15,1,66,3,11,377,16,CHI,3.2,0.2,14.0,0.6,2.3,79.7,82,14
2555310,Jaylon Smith,MLB,516,34,9,377,2,13,81,16,DAL,6.6,1.7,73.1,0.4,2.5,15.7,420,15
2555322,Darron Lee,ILB,416,72,5,230,20,23,66,12,NYJ,17.3,1.2,55.3,4.8,5.5,15.9,307,43
2555329,Myles Jack,OLB,511,66,10,361,7,11,56,16,JAX,12.9,2.0,70.6,1.4,2.2,11.0,437,18
2555339,Kamalei Correa,ILB,164,11,1,21,1,5,125,13,TEN,6.7,0.6,12.8,0.6,3.0,76.2,33,6
2555340,Kyler Fackrell,OLB,312,41,0,42,10,7,212,16,GB,13.1,0.0,13.5,3.2,2.2,67.9,83,17
2555342,Karl Joseph,SS,228,41,139,15,13,4,16,12,OAK,18.0,61.0,6.6,5.7,1.8,7.0,195,17
2555344,Artie Burns,CB,163,14,42,35,56,15,1,8,PIT,8.6,25.8,21.5,34.4,9.2,0.6,91,71
2555349,Kendall Fuller,CB,569,105,32,190,95,131,16,14,KC,18.5,5.6,33.4,16.7,23.0,2.8,327,226
2555355,Clayton Fejedelem,FS,112,18,58,18,4,7,7,12,CIN,16.1,51.8,16.1,3.6,6.2,6.2,94,11
2555378,Tavon Young,CB,342,46,22,93,60,78,43,15,BAL,13.5,6.4,27.2,17.5,22.8,12.6,161,138
2555383,Jalen Mills,CB,286,52,107,48,72,5,2,8,PHI,18.2,37.4,16.8,25.2,1.7,0.7,207,77
2555386,Sean Davis,SS,538,70,425,25,6,5,7,15,PIT,13.0,79.0,4.6,1.1,0.9,1.3,520,11
2555394,Daryl Worley,CB,220,28,48,50,52,40,2,10,OAK,12.7,21.8,22.7,23.6,18.2,0.9,126,92
2555505,Matt Judon,OLB,374,28,0,51,4,8,283,16,BAL,7.5,0.0,13.6,1.1,2.1,75.7,79,12
2555522,B.J. Goodson,ILB,218,28,5,145,0,5,35,15,NYG,12.8,2.3,66.5,0.0,2.3,16.1,178,5
2555528,Nick Vigil,OLB,373,43,6,194,18,41,71,11,CIN,11.5,1.6,52.0,4.8,11.0,19.0,243,59
2555530,Vonn Bell,FS,454,100,179,61,52,27,35,16,NO,22.0,39.4,13.4,11.5,5.9,7.7,340,79
2555531,Anthony Brown,CB,397,58,24,146,85,60,24,15,DAL,14.6,6.0,36.8,21.4,15.1,6.0,228,145
2555539,Xavien Howard,CB,404,49,84,113,106,49,3,12,MIA,12.1,20.8,28.0,26.2,12.1,0.7,246,155
2555540,Derrick Kindred,SS,239,61,93,15,42,2,26,16,CLE,25.5,38.9,6.3,17.6,0.8,10.9,169,44
2555542,Jordan Lucas,FS,156,19,84,24,12,15,2,7,KC,12.2,53.8,15.4,7.7,9.6,1.3,127,27
2555550,Justin Simmons,SS,527,116,240,75,33,35,28,15,DEN,22.0,45.5,14.2,6.3,6.6,5.3,431,68
2555551,LeShaun Sims,CB,111,12,25,24,24,19,7,12,TEN,10.8,22.5,21.6,21.6,17.1,6.3,61,43
2555552,Ryan Smith,CB,247,33,95,36,61,22,0,12,TB,13.4,38.5,14.6,24.7,8.9,0.0,164,83
2555568,Erik Harris,SS,211,27,130,26,4,7,17,15,OAK,12.8,61.6,12.3,1.9,3.3,8.1,183,11
2556119,Elandon Roberts,MLB,210,28,0,130,5,4,43,16,NE,13.3,0.0,61.9,2.4,1.9,20.5,158,9
2556148,Jatavis Brown,OLB,354,28,8,273,1,11,33,14,LAC,7.9,2.3,77.1,0.3,3.1,9.3,309,12
2556277,Marqui Christian,SS,248,13,42,124,12,41,16,16,LA,5.2,16.9,50.0,4.8,16.5,6.5,179,53
2556278,Will Parks,FS,292,33,115,72,18,22,32,15,DEN,11.3,39.4,24.7,6.2,7.5,11.0,220,40
2556363,Kamu Grugier-Hill,OLB,150,41,11,70,6,4,18,16,PHI,27.3,7.3,46.7,4.0,2.7,12.0,122,10
2556367,William Jackson,CB,557,49,111,93,214,90,0,16,CIN,8.8,19.9,16.7,38.4,16.2,0.0,253,304
2556443,Sharrod Neasman,SS,232,63,101,28,24,10,6,11,ATL,27.2,43.5,12.1,10.3,4.3,2.6,192,34
2556445,Brian Poole,CB,491,69,62,179,54,97,30,16,ATL,14.1,12.6,36.5,11.0,19.8,6.1,310,151
2556456,Andrew Adams,FS,204,57,104,25,8,3,7,12,TB,27.9,51.0,12.3,3.9,1.5,3.4,186,11
2556475,Briean Boddy-Calhoun,CB,393,88,89,71,101,24,20,14,CLE,22.4,22.6,18.1,25.7,6.1,5.1,248,125
2556480,Kentrell Brice,SS,334,80,189,42,7,6,10,14,GB,24.0,56.6,12.6,2.1,1.8,3.0,311,13
2556537,Reggie Gilbert,LB,247,18,0,18,3,2,206,16,GB,7.3,0.0,7.3,1.2,0.8,83.4,36,5
2556559,Mike Hilton,CB,375,31,32,141,47,72,52,15,PIT,8.3,8.5,37.6,12.5,19.2,13.9,204,119
2556567,Isaiah Johnson,S,195,25,136,13,9,4,8,12,TB,12.8,69.7,6.7,4.6,2.1,4.1,174,13
2556571,Jonathan Jones,CB,332,72,19,95,62,62,22,16,NE,21.7,5.7,28.6,18.7,18.7,6.6,186,124
2556587,Cre'von LeBlanc,CB,227,49,16,59,67,33,3,7,PHI,21.6,7.0,26.0,29.5,14.5,1.3,124,100
2556593,Cory Littleton,ILB,506,62,7,294,11,38,94,16,LA,12.3,1.4,58.1,2.2,7.5,18.6,363,49
2556617,Doug Middleton,S,129,3,120,2,0,0,4,4,NYJ,2.3,93.0,1.6,0.0,0.0,3.1,125,0
2556642,Patrick Onwuasor,ILB,202,36,1,107,1,4,53,16,BAL,17.8,0.5,53.0,0.5,2.0,26.2,144,5
2556711,Jarrod Wilson,SS,101,16,60,7,4,4,10,11,JAX,15.8,59.4,6.9,4.0,4.0,9.9,83,8
2556735,Ken Crawley,CB,238,22,53,61,68,30,4,9,NO,9.2,22.3,25.6,28.6,12.6,1.7,136,98
2556775,Terrance Smith,ILB,111,25,3,52,5,12,14,6,KC,22.5,2.7,46.8,4.5,10.8,12.6,80,17
2556828,Trevor Williams,CB,195,15,31,51,73,25,0,7,LAC,7.7,15.9,26.2,37.4,12.8,0.0,97,98
2556934,Javien Elliott,CB,209,53,16,56,43,20,21,11,TB,25.4,7.7,26.8,20.6,9.6,10.0,125,63
2557837,Reuben Foster,OLB,186,49,3,92,1,1,40,6,SF,26.3,1.6,49.5,0.5,0.5,21.5,144,2
2557840,Chidobe Awuzie,CB,476,43,88,105,183,55,2,15,DAL,9.0,18.5,22.1,38.4,11.6,0.4,236,238
2557855,Jarrad Davis,MLB,500,76,10,249,5,10,150,16,DET,15.2,2.0,49.8,1.0,2.0,30.0,335,15
2557867,Tre'Davious White,CB,487,48,79,105,174,77,4,16,BUF,9.9,16.2,21.6,35.7,15.8,0.8,232,251
2557880,Josh Harvey-Clemons,ILB,144,15,4,79,5,12,29,13,WAS,10.4,2.8,54.9,3.5,8.3,20.1,98,17
2557881,Tedric Thompson,FS,370,26,337,6,0,0,1,13,SEA,7.0,91.1,1.6,0.0,0.0,0.3,369,0
2557887,Haason Reddick,ILB,393,67,6,170,11,28,111,16,ARI,17.0,1.5,43.3,2.8,7.1,28.2,243,39
2557920,Jourdan Lewis,CB,122,17,11,52,11,18,13,12,DAL,13.9,9.0,42.6,9.0,14.8,10.7,80,29
2557927,Desmond King,CB,432,51,25,216,32,90,18,15,LAC,11.8,5.8,50.0,7.4,20.8,4.2,292,122
2557945,Justin Evans,SS,326,50,246,14,11,1,4,10,TB,15.3,75.5,4.3,3.4,0.3,1.2,310,12
2557955,Teez Tabor,CB,148,10,19,33,50,34,2,10,DET,6.8,12.8,22.3,33.8,23.0,1.4,62,84
2557958,Sidney Jones,CB,210,69,28,46,39,22,6,9,PHI,32.9,13.3,21.9,18.6,10.5,2.9,143,61
2557961,Quincy Wilson,CB,259,25,52,75,61,45,1,13,IND,9.7,20.1,29.0,23.6,17.4,0.4,152,106
2557967,Duke Riley,OLB,222,22,3,161,4,10,22,14,ATL,9.9,1.4,72.5,1.8,4.5,9.9,186,14
2557969,Matt Milano,OLB,377,54,7,225,7,15,69,13,BUF,14.3,1.9,59.7,1.9,4.0,18.3,286,22
2557972,Marquel Lee,MLB,161,24,1,103,2,11,20,16,OAK,14.9,0.6,64.0,1.2,6.8,12.4,128,13
2557979,Jamal Adams,SS,588,140,270,44,35,13,86,16,NYJ,23.8,45.9,7.5,6.0,2.2,14.6,454,48
2557980,Jabrill Peppers,FS,413,91,171,4,82,1,64,16,CLE,22.0,41.4,1.0,19.9,0.2,15.5,266,83
2557995,Marcus Maye,FS,190,18,166,3,1,0,2,6,NYJ,9.5,87.4,1.6,0.5,0.0,1.1,187,1
2557996,Kevin King,CB,155,19,22,48,46,19,1,6,GB,12.3,14.2,31.0,29.7,12.3,0.6,89,65
2558005,Jayon Brown,ILB,468,69,8,248,9,14,120,16,TEN,14.7,1.7,53.0,1.9,3.0,25.6,325,23
2558009,Budda Baker,FS,441,60,32,135,59,91,64,14,ARI,13.6,7.3,30.6,13.4,20.6,14.5,227,150
2558060,Malik Hooker,FS,474,29,439,5,1,0,0,14,IND,6.1,92.6,1.1,0.2,0.0,0.0,473,1
2558061,Marshon Lattimore,CB,523,48,111,117,151,91,5,16,NO,9.2,21.2,22.4,28.9,17.4,1.0,276,242
2558062,Gareon Conley,CB,331,36,22,70,112,89,2,14,OAK,10.9,6.6,21.1,33.8,26.9,0.6,128,201
2558064,T.J. Watt,OLB,491,34,1,56,9,11,380,16,PIT,6.9,0.2,11.4,1.8,2.2,77.4,91,20
2558065,Adoree' Jackson,CB,497,66,149,130,97,44,11,16,TEN,13.3,30.0,26.2,19.5,8.9,2.2,345,141
2558067,Marlon Humphrey,CB,405,38,71,71,132,92,1,14,BAL,9.4,17.5,17.5,32.6,22.7,0.2,180,224
2558070,Raekwon McMillan,LB,338,43,6,241,4,10,34,16,MIA,12.7,1.8,71.3,1.2,3.0,10.1,290,14
2558077,Lano Hill,SS,179,40,81,22,6,9,21,12,SEA,22.3,45.3,12.3,3.4,5.0,11.7,143,15
2558094,Zach Cunningham,ILB,412,96,11,232,11,12,50,14,HOU,23.3,2.7,56.3,2.7,2.9,12.1,339,23
2558108,Nate Hairston,CB,210,23,29,63,54,37,4,10,IND,11.0,13.8,30.0,25.7,17.6,1.9,115,91
2558119,Josh Jones,SS,270,88,95,36,16,1,34,11,GB,32.6,35.2,13.3,5.9,0.4,12.6,219,17
2558121,Elijah Lee,LB,234,41,4,150,6,4,29,8,SF,17.5,1.7,64.1,2.6,1.7,12.4,195,10
2558133,Montae Nicholson,FS,281,40,201,25,8,2,5,10,WAS,14.2,71.5,8.9,2.8,0.7,1.8,266,10
2558136,Fabian Moreau,CB,480,54,74,155,87,100,10,16,WAS,11.2,15.4,32.3,18.1,20.8,2.1,283,187
2558157,Ahkello Witherspoon,CB,337,40,73,50,136,37,1,12,SF,11.9,21.7,14.8,40.4,11.0,0.3,163,173
2558159,Xavier Woods,FS,474,92,333,44,1,1,3,14,DAL,19.4,70.3,9.3,0.2,0.2,0.6,469,2
2558163,Alex Anzalone,OLB,303,40,14,161,8,17,63,16,NO,13.2,4.6,53.1,2.6,5.6,20.8,215,25
2558168,Rasul Douglas,CB,335,57,129,65,60,24,0,12,PHI,17.0,38.5,19.4,17.9,7.2,0.0,251,84
2558176,Eddie Jackson,FS,527,64,389,63,5,4,2,14,CHI,12.1,73.8,12.0,0.9,0.8,0.4,516,9
2558183,John Johnson,SS,511,53,314,90,19,14,21,16,LA,10.4,61.4,17.6,3.7,2.7,4.1,457,33
2558184,Damontae Kazee,SS,533,34,473,20,2,2,2,16,ATL,6.4,88.7,3.8,0.4,0.4,0.4,527,4
2558248,Chuck Clark,FS,148,19,57,34,11,14,13,13,BAL,12.8,38.5,23.0,7.4,9.5,8.8,110,25
2558259,Shaquill Griffin,CB,489,50,70,112,168,85,4,15,SEA,10.2,14.3,22.9,34.4,17.4,0.8,232,253
2558801,Jordan Evans,OLB,232,25,1,151,15,22,18,14,CIN,10.8,0.4,65.1,6.5,9.5,7.8,177,37
2558830,Samson Ebukam,OLB,355,15,2,54,3,13,268,16,LA,4.2,0.6,15.2,0.8,3.7,75.5,71,16
2558847,Marcus Williams,FS,548,50,466,9,11,0,12,16,NO,9.1,85.0,1.6,2.0,0.0,2.2,525,11
2558849,Cameron Sutton,CB,166,23,5,42,44,35,17,10,PIT,13.9,3.0,25.3,26.5,21.1,10.2,70,79
2558851,Anthony Walker,ILB,329,18,4,268,1,9,29,15,IND,5.5,1.2,81.5,0.3,2.7,8.8,290,10
2558857,Adrian Colbert,FS,150,13,131,4,0,0,2,5,SF,8.7,87.3,2.7,0.0,0.0,1.3,148,0
2558925,Austin Calitro,LB,117,20,6,83,0,2,6,7,SEA,17.1,5.1,70.9,0.0,1.7,5.1,109,2
2558976,Kenny Moore II,CB,472,24,14,216,58,114,46,15,IND,5.1,3.0,45.8,12.3,24.2,9.7,254,172
2558982,Hardy Nickerson,MLB,272,27,9,170,3,17,46,14,CIN,9.9,3.3,62.5,1.1,6.2,16.9,206,20
2559012,Eric Wilson,OLB,149,10,1,101,2,7,28,12,MIN,6.7,0.7,67.8,1.3,4.7,18.8,112,9
2559053,Torry McTyer,CB,190,26,46,45,45,26,2,13,MIA,13.7,24.2,23.7,23.7,13.7,1.1,117,71
2559054,Nicholas Morrow,ILB,229,34,3,146,7,4,35,14,OAK,14.8,1.3,63.8,3.1,1.7,15.3,183,11
2559164,Michael Davis,CB,336,36,69,58,129,43,1,13,LAC,10.7,20.5,17.3,38.4,12.8,0.3,163,172
2560712,Terrell Edmunds,S,541,123,273,72,12,19,42,16,PIT,22.7,50.5,13.3,2.2,3.5,7.8,468,31
2560713,Tremaine Edmunds,LB,465,47,6,342,0,7,63,15,BUF,10.1,1.3,73.5,0.0,1.5,13.5,395,7
2560714,Duke Ejiofor,LB,112,4,0,9,0,0,99,12,HOU,3.6,0.0,8.0,0.0,0.0,88.4,13,0
2560718,Rashaan Evans,LB,236,27,1,128,1,2,77,14,TEN,11.4,0.4,54.2,0.4,0.8,32.6,156,3
2560725,Minkah Fitzpatrick,S,469,69,119,95,90,74,22,16,MIA,14.7,25.4,20.3,19.2,15.8,4.7,283,164
2560728,Tre Flowers,CB,471,36,91,96,175,72,1,14,SEA,7.6,19.3,20.4,37.2,15.3,0.2,223,247
2560741,Holton Hill,CB,153,8,15,59,43,28,0,12,MIN,5.2,9.8,38.6,28.1,18.3,0.0,82,71
2560753,Donte Jackson,CB,487,55,144,143,106,35,4,15,CAR,11.3,29.6,29.4,21.8,7.2,0.8,342,141
2560755,Josh Jackson,CB,397,53,49,78,142,56,19,16,GB,13.4,12.3,19.6,35.8,14.1,4.8,180,198
2560760,Derwin James,SS,523,129,176,98,45,15,60,15,LAC,24.7,33.7,18.7,8.6,2.9,11.5,403,60
2560763,Josey Jewell,LB,184,23,2,116,2,2,39,15,DEN,12.5,1.1,63.0,1.1,1.1,21.2,141,4
2560766,Taron Johnson,CB,238,26,11,107,37,46,11,11,BUF,10.9,4.6,45.0,15.5,19.3,4.6,144,83
2560784,Harold Landry,OLB,348,9,0,24,1,4,310,15,TEN,2.6,0.0,6.9,0.3,1.1,89.1,33,5
2560789,Darius Leonard,LB,487,40,1,369,7,34,36,15,IND,8.2,0.2,75.8,1.4,7.0,7.4,410,41
2560795,Avonte Maddox,CB,343,42,172,67,49,11,2,10,PHI,12.2,50.1,19.5,14.3,3.2,0.6,281,60
2560819,Nick Nelson,CB,157,23,11,46,23,46,8,10,OAK,14.6,7.0,29.3,14.6,29.3,5.1,80,69
2560822,Parry Nickerson,CB,139,20,7,58,20,27,7,7,NYJ,14.4,5.0,41.7,14.4,19.4,5.0,85,47
2560826,Uchenna Nwosu,LB,159,9,1,9,0,7,133,15,LAC,5.7,0.6,5.7,0.0,4.4,83.6,19,7
2560827,Dorian O'Daniel,LB,213,24,3,136,6,14,30,13,KC,11.3,1.4,63.8,2.8,6.6,14.1,163,20
2560830,Isaiah Oliver,CB,155,9,20,19,63,43,1,11,ATL,5.8,12.9,12.3,40.6,27.7,0.6,48,106
2560839,Darius Phillips,CB,129,15,12,35,29,37,1,10,CIN,11.6,9.3,27.1,22.5,28.7,0.8,62,66
2560851,Justin Reid,SS,500,44,365,63,10,6,12,16,HOU,8.8,73.0,12.6,2.0,1.2,2.4,472,16
2560877,Roquan Smith,LB,521,38,4,390,8,30,51,16,CHI,7.3,0.8,74.9,1.5,5.8,9.8,432,38
2560881,Breeland Speaks,LB,248,7,0,22,0,4,215,15,KC,2.8,0.0,8.9,0.0,1.6,86.7,29,4
2560884,M.J. Stewart,CB,187,33,9,46,45,33,21,8,TB,17.6,4.8,24.6,24.1,17.6,11.2,88,78
2560908,Leighton Vander Esch,LB,420,64,10,290,11,20,25,16,DAL,15.2,2.4,69.0,2.6,4.8,6.0,364,31
2560914,Levi Wallace,CB,196,20,21,51,66,33,5,7,BUF,10.2,10.7,26.0,33.7,16.8,2.6,92,99
2560916,Denzel Ward,CB,469,102,129,51,163,22,2,13,CLE,21.7,27.5,10.9,34.8,4.7,0.4,282,185
2560917,Fred Warner,LB,513,83,12,325,10,4,79,15,SF,16.2,2.3,63.4,1.9,0.8,15.4,420,14
2560947,Kenny Young,LB,175,28,0,93,1,4,49,16,BAL,16.0,0.0,53.1,0.6,2.3,28.0,121,5
2560952,Jaire Alexander,CB,403,79,68,75,114,55,12,13,GB,19.6,16.9,18.6,28.3,13.6,3.0,222,169
2560964,Genard Avery,LB,428,79,1,18,12,2,316,16,CLE,18.5,0.2,4.2,2.8,0.5,73.8,98,14
2560966,Jerome Baker,LB,343,67,16,175,10,24,51,16,MIA,19.5,4.7,51.0,2.9,7.0,14.9,258,34
2560970,Jessie Bates,S,584,59,473,46,3,3,0,16,CIN,10.1,81.0,7.9,0.5,0.5,0.0,578,6
2560982,Tony Brown,CB,150,34,43,35,31,7,0,10,GB,22.7,28.7,23.3,20.7,4.7,0.0,112,38
2561001,Grant Haley,CB,245,30,27,49,50,73,16,10,NYG,12.2,11.0,20.0,20.4,29.8,6.5,106,123
2561006,Marcell Harris,FS,159,42,55,35,7,7,13,7,SF,26.4,34.6,22.0,4.4,4.4,8.2,132,14
2561015,Lorenzo Carter,OLB,277,9,0,14,5,3,246,15,NYG,3.2,0.0,5.1,1.8,1.1,88.8,23,8
2561039,Carlton Davis,CB,362,36,52,54,157,61,2,13,TB,9.9,14.4,14.9,43.4,16.9,0.6,142,218
2561131,George Odum,FS,102,18,64,10,1,0,9,9,IND,17.6,62.7,9.8,1.0,0.0,8.8,92,1
2561132,Foye Oluokun,LB,262,26,9,171,8,25,23,16,ATL,9.9,3.4,65.3,3.1,9.5,8.8,206,33
2561318,Tae Davis,ILB,190,36,3,107,5,0,39,11,NYG,18.9,1.6,56.3,2.6,0.0,20.5,146,5
2561366,Frankie Luvu,LB,256,19,2,21,3,0,211,14,NYJ,7.4,0.8,8.2,1.2,0.0,82.4,42,3
2561527,Mike Ford,CB,198,19,52,44,54,29,0,7,DET,9.6,26.3,22.2,27.3,14.6,0.0,115,83
